{"isClear1":false,"isClear2":false,"isClear3":false,"playerPosition":{"x":120.69999694824219,"y":51.72999954223633,"z":0.0}}