{"isClear1":false,"isClear2":false,"isClear3":false,"playerPosition":{"x":126.0999984741211,"y":51.72999954223633,"z":0.0}}