{"cameraMode":{"drawMode":0,"name":"Shaded","section":"Shading Mode"},"sceneLighting":true,"audioPlay":false,"sceneViewState":{"showFog":true,"showMaterialUpdate":false,"showSkybox":true,"showFlares":true,"showImageEffects":true,"showParticleSystems":true},"in2DMode":false,"pivot":{"x":-5.801779270172119,"y":1.4642281532287598,"z":-0.016656070947647096},"rotation":{"x":-0.17748183012008668,"y":0.06401439011096955,"z":-0.011569864116609097,"w":-0.9819731712341309},"size":8.056601524353028,"orthographic":false}