{"cameraMode":{"drawMode":0,"name":"Shaded","section":"Shading Mode"},"sceneLighting":false,"audioPlay":false,"sceneViewState":{"showFog":true,"showMaterialUpdate":false,"showSkybox":false,"showFlares":true,"showImageEffects":true,"showParticleSystems":true},"in2DMode":false,"pivot":{"x":46.34016799926758,"y":45.860595703125,"z":-1.2084167003631592},"rotation":{"x":0.13089005649089814,"y":-0.7234089970588684,"z":0.14288829267024995,"w":0.662671685218811},"size":15.008918762207032,"orthographic":false}